snapshot,category,scope,rank,brand,vendor,avg_monthly_searches,share_pct,mom_pct,yoy_pct
2026-07,seo,WW,1,"Google Search Console","Free · Google",2059200,55.6,14,47.2
2026-07,seo,WW,2,"Semrush","All-in-one",518500,14,-0.9,-23.6
2026-07,seo,WW,3,"Similarweb","Traffic analytics",234900,6.3,-8.1,-34
2026-07,seo,WW,4,"Ahrefs","All-in-one",212200,5.7,-1.3,-18.9
2026-07,seo,WW,5,"Ubersuggest","Keyword research",172240,4.6,-2.2,-41.5
2026-07,seo,WW,6,"AnswerThePublic","Keyword research",120390,3.2,-3.7,-27.6
2026-07,seo,WW,7,"Moz","All-in-one",100780,2.7,-4.1,-26.7
2026-07,seo,WW,8,"GTmetrix","Page speed",85390,2.3,-13.1,-43.9
2026-07,seo,WW,9,"Screaming Frog","Crawler",56220,1.5,9.4,-5.2
2026-07,seo,WW,10,"SE Ranking","Rank tracking",49380,1.3,-65.2,-16.9
2026-07,seo,WW,11,"Surfer SEO","Content SEO",27200,0.7,-22.5,-51.7
2026-07,seo,WW,12,"SpyFu","Competitor research",21880,0.6,-11.3,-35
2026-07,seo,WW,13,"Rank Math","WordPress plugin",17650,0.5,-5.8,-24.5
2026-07,seo,WW,14,"Yoast","WordPress plugin",10620,0.3,1.6,-26.7
2026-07,seo,WW,15,"Mangools","Keyword research",9350,0.3,-9.9,-18.9
2026-07,seo,WW,16,"BrightEdge","Enterprise",9100,0.2,0.8,-18.9
2026-07,seo,US,1,"Google Search Console","Free · Google",368000,56.4,22.2,49.5
2026-07,seo,US,2,"Semrush","All-in-one",90500,13.9,0,-18.2
2026-07,seo,US,3,"Similarweb","Traffic analytics",49500,7.6,0,-18.2
2026-07,seo,US,4,"Ahrefs","All-in-one",40500,6.2,-18.2,-18.2
2026-07,seo,US,5,"Ubersuggest","Keyword research",18100,2.8,0,-33.3
2026-07,seo,US,6,"AnswerThePublic","Keyword research",18100,2.8,-18.2,-33.3
2026-07,seo,US,7,"Screaming Frog","Crawler",12100,1.9,0,-18.2
2026-07,seo,US,8,"Moz","All-in-one",9900,1.5,-18.2,-33.1
2026-07,seo,US,9,"GTmetrix","Page speed",9900,1.5,-18.5,-45.5
2026-07,seo,US,10,"SE Ranking","Rank tracking",8100,1.2,0,0
2026-07,seo,US,11,"SpyFu","Competitor research",8100,1.2,-18.5,-33.3
2026-07,seo,US,12,"Surfer SEO","Content SEO",6600,1,-33.3,-55.6
2026-07,seo,US,13,"BrightEdge","Enterprise",4400,0.7,0,-18.5
2026-07,seo,US,14,"Yoast","WordPress plugin",3600,0.6,0,-34.1
2026-07,seo,US,15,"Rank Math","WordPress plugin",3600,0.6,0,-19.4
2026-07,seo,US,16,"Mangools","Keyword research",1600,0.2,-31.6,0
2026-07,seo,IN,1,"Google Search Console","Free · Google",550000,56.4,22.3,49.6
2026-07,seo,IN,2,"Semrush","All-in-one",135000,13.8,0,-18.2
2026-07,seo,IN,3,"Ahrefs","All-in-one",60500,6.2,22.2,-18.2
2026-07,seo,IN,4,"Ubersuggest","Keyword research",60500,6.2,0,-45.3
2026-07,seo,IN,5,"Similarweb","Traffic analytics",40500,4.2,0,-45.3
2026-07,seo,IN,6,"AnswerThePublic","Keyword research",33100,3.4,22.1,-33.1
2026-07,seo,IN,7,"GTmetrix","Page speed",33100,3.4,-18.1,-45.2
2026-07,seo,IN,8,"SE Ranking","Rank tracking",14800,1.5,-89.1,-33.1
2026-07,seo,IN,9,"Screaming Frog","Crawler",12100,1.2,49.6,22.3
2026-07,seo,IN,10,"Moz","All-in-one",12100,1.2,0,-33.1
2026-07,seo,IN,11,"SpyFu","Competitor research",6600,0.7,0,-33.3
2026-07,seo,IN,12,"Surfer SEO","Content SEO",6600,0.7,-18.5,-55.6
2026-07,seo,IN,13,"Rank Math","WordPress plugin",4400,0.5,0,-33.3
2026-07,seo,IN,14,"Mangools","Keyword research",2900,0.3,0,-19.4
2026-07,seo,IN,15,"BrightEdge","Enterprise",1600,0.2,0,-15.8
2026-07,seo,IN,16,"Yoast","WordPress plugin",1000,0.1,13.6,-23.1
2026-07,seo,GB,1,"Google Search Console","Free · Google",135000,55.4,22.2,50
2026-07,seo,GB,2,"Semrush","All-in-one",33100,13.6,0,-33.1
2026-07,seo,GB,3,"Ahrefs","All-in-one",18100,7.4,0,0
2026-07,seo,GB,4,"Similarweb","Traffic analytics",18100,7.4,-18.2,-55.4
2026-07,seo,GB,5,"AnswerThePublic","Keyword research",8100,3.3,-18.5,-18.5
2026-07,seo,GB,6,"Ubersuggest","Keyword research",6600,2.7,0,-45.5
2026-07,seo,GB,7,"Screaming Frog","Crawler",5400,2.2,22.7,0
2026-07,seo,GB,8,"SE Ranking","Rank tracking",4400,1.8,0,-18.2
2026-07,seo,GB,9,"Moz","All-in-one",3600,1.5,0,-34.1
2026-07,seo,GB,10,"GTmetrix","Page speed",3600,1.5,0,-46.3
2026-07,seo,GB,11,"Surfer SEO","Content SEO",1900,0.8,-18.7,-45.8
2026-07,seo,GB,12,"SpyFu","Competitor research",1600,0.7,0,-31.6
2026-07,seo,GB,13,"BrightEdge","Enterprise",1300,0.5,0,-18.7
2026-07,seo,GB,14,"Rank Math","WordPress plugin",1300,0.5,0,-23.1
2026-07,seo,GB,15,"Yoast","WordPress plugin",1000,0.4,0,-23.1
2026-07,seo,GB,16,"Mangools","Keyword research",590,0.2,0,-18.6
2026-07,seo,CA,1,"Google Search Console","Free · Google",74000,60.5,21.5,81.8
2026-07,seo,CA,2,"Semrush","All-in-one",14800,12.1,0,-18.2
2026-07,seo,CA,3,"Ahrefs","All-in-one",6600,5.4,0,-18.5
2026-07,seo,CA,4,"Similarweb","Traffic analytics",6600,5.4,-33.3,-33.3
2026-07,seo,CA,5,"Ubersuggest","Keyword research",4400,3.6,0,-33.3
2026-07,seo,CA,6,"AnswerThePublic","Keyword research",3600,2.9,0,-19.4
2026-07,seo,CA,7,"Moz","All-in-one",2900,2.4,0,52.6
2026-07,seo,CA,8,"GTmetrix","Page speed",2400,2,0,-44.8
2026-07,seo,CA,9,"Screaming Frog","Crawler",1900,1.6,0,-20.8
2026-07,seo,CA,10,"SE Ranking","Rank tracking",1300,1.1,0,0
2026-07,seo,CA,11,"Surfer SEO","Content SEO",1000,0.8,-18.2,-55
2026-07,seo,CA,12,"SpyFu","Competitor research",880,0.7,-18.1,-54.6
2026-07,seo,CA,13,"Rank Math","WordPress plugin",720,0.6,-18.1,-18.1
2026-07,seo,CA,14,"Yoast","WordPress plugin",480,0.4,0,-18.7
2026-07,seo,CA,15,"Mangools","Keyword research",390,0.3,-17.9,23.1
2026-07,seo,CA,16,"BrightEdge","Enterprise",320,0.3,-18.7,-18.7
2026-07,seo,AU,1,"Google Search Console","Free · Google",49500,55.7,22.3,49.5
2026-07,seo,AU,2,"Semrush","All-in-one",12100,13.6,0,-18.2
2026-07,seo,AU,3,"Ahrefs","All-in-one",6600,7.4,-18.2,-33.3
2026-07,seo,AU,4,"Similarweb","Traffic analytics",5400,6.1,-18.2,-33.3
2026-07,seo,AU,5,"Ubersuggest","Keyword research",3600,4,0,-34.1
2026-07,seo,AU,6,"AnswerThePublic","Keyword research",2900,3.3,0,-19.4
2026-07,seo,AU,7,"Screaming Frog","Crawler",1900,2.1,0,0
2026-07,seo,AU,8,"GTmetrix","Page speed",1600,1.8,-18.7,-45.8
2026-07,seo,AU,9,"SE Ranking","Rank tracking",1300,1.5,0,0
2026-07,seo,AU,10,"Surfer SEO","Content SEO",1000,1.1,-18.2,-44.6
2026-07,seo,AU,11,"Moz","All-in-one",880,1,0,-28
2026-07,seo,AU,12,"SpyFu","Competitor research",590,0.7,-33.3,-33.3
2026-07,seo,AU,13,"Rank Math","WordPress plugin",590,0.7,0,-18.1
2026-07,seo,AU,14,"Yoast","WordPress plugin",390,0.4,0,-18.7
2026-07,seo,AU,15,"BrightEdge","Enterprise",320,0.4,0,0
2026-07,seo,AU,16,"Mangools","Keyword research",260,0.3,-18.7,-18.7
2026-07,seo,DE,1,"Google Search Console","Free · Google",110000,53,0,49.2
2026-07,seo,DE,2,"Moz","All-in-one",40500,19.5,0,-33.1
2026-07,seo,DE,3,"Semrush","All-in-one",14800,7.1,0,-33.1
2026-07,seo,DE,4,"Similarweb","Traffic analytics",9900,4.8,-18.2,-33.1
2026-07,seo,DE,5,"Ahrefs","All-in-one",8100,3.9,0,-33.3
2026-07,seo,DE,6,"Ubersuggest","Keyword research",5400,2.6,0,-45.7
2026-07,seo,DE,7,"AnswerThePublic","Keyword research",5400,2.6,22.2,-33.3
2026-07,seo,DE,8,"Screaming Frog","Crawler",3600,1.7,0,-19.4
2026-07,seo,DE,9,"SE Ranking","Rank tracking",2900,1.4,26.3,0
2026-07,seo,DE,10,"GTmetrix","Page speed",2400,1.2,26.3,-33.3
2026-07,seo,DE,11,"Surfer SEO","Content SEO",1300,0.6,0,-47.4
2026-07,seo,DE,12,"Rank Math","WordPress plugin",1300,0.6,0,-23.1
2026-07,seo,DE,13,"Mangools","Keyword research",720,0.3,-18.6,-45.5
2026-07,seo,DE,14,"Yoast","WordPress plugin",590,0.3,22.9,-18.1
2026-07,seo,DE,15,"SpyFu","Competitor research",390,0.2,-18.7,-45.8
2026-07,seo,DE,16,"BrightEdge","Enterprise",170,0.1,27.3,-33.3
2026-07,seo,FR,1,"Google Search Console","Free · Google",110000,45.9,0,49.2
2026-07,seo,FR,2,"Semrush","All-in-one",74000,30.9,0,-33.1
2026-07,seo,FR,3,"Similarweb","Traffic analytics",12100,5.1,0,-18.2
2026-07,seo,FR,4,"Ubersuggest","Keyword research",12100,5.1,0,-33.1
2026-07,seo,FR,5,"Ahrefs","All-in-one",6600,2.8,-18.2,-18.2
2026-07,seo,FR,6,"AnswerThePublic","Keyword research",6600,2.8,0,-33.3
2026-07,seo,FR,7,"Screaming Frog","Crawler",4400,1.8,0,-18.2
2026-07,seo,FR,8,"GTmetrix","Page speed",4400,1.8,-19.4,-46.3
2026-07,seo,FR,9,"SE Ranking","Rank tracking",3600,1.5,20.8,-19.4
2026-07,seo,FR,10,"Moz","All-in-one",1900,0.8,-15.8,-33.3
2026-07,seo,FR,11,"Surfer SEO","Content SEO",1000,0.4,-18.2,-44.6
2026-07,seo,FR,12,"Rank Math","WordPress plugin",880,0.4,-18.2,-18.2
2026-07,seo,FR,13,"Yoast","WordPress plugin",720,0.3,0,-18.1
2026-07,seo,FR,14,"SpyFu","Competitor research",590,0.2,0,-45.8
2026-07,seo,FR,15,"Mangools","Keyword research",480,0.2,21.9,-18.7
2026-07,seo,FR,16,"BrightEdge","Enterprise",140,0.1,88.9,21.4
2026-07,seo,BR,1,"Google Search Console","Free · Google",74000,41,0,49.6
2026-07,seo,BR,2,"Semrush","All-in-one",27100,15,0,-32.9
2026-07,seo,BR,3,"Similarweb","Traffic analytics",22200,12.3,-18.2,-45.4
2026-07,seo,BR,4,"Ubersuggest","Keyword research",22200,12.3,0,-45.4
2026-07,seo,BR,5,"AnswerThePublic","Keyword research",14800,8.2,0,-33.1
2026-07,seo,BR,6,"GTmetrix","Page speed",8100,4.5,-18.2,-55.4
2026-07,seo,BR,7,"Ahrefs","All-in-one",5400,3,0,-55.6
2026-07,seo,BR,8,"Moz","All-in-one",1600,0.9,0,-15.8
2026-07,seo,BR,9,"Screaming Frog","Crawler",1300,0.7,-23.1,-23.1
2026-07,seo,BR,10,"SE Ranking","Rank tracking",1300,0.7,-23.1,-23.1
2026-07,seo,BR,11,"Surfer SEO","Content SEO",720,0.4,-45.8,-55.7
2026-07,seo,BR,12,"SpyFu","Competitor research",590,0.3,-18.6,-45.5
2026-07,seo,BR,13,"Rank Math","WordPress plugin",590,0.3,-18.6,-18.6
2026-07,seo,BR,14,"Yoast","WordPress plugin",390,0.2,-18.7,-45.8
2026-07,seo,BR,15,"Mangools","Keyword research",210,0.1,0,-34.6
2026-07,seo,BR,16,"BrightEdge","Enterprise",70,0,-28.6,-44.4
2026-07,seo,MX,1,"Google Search Console","Free · Google",22200,50.6,0,49.7
2026-07,seo,MX,2,"Semrush","All-in-one",6600,15.1,-18.2,-45.5
2026-07,seo,MX,3,"AnswerThePublic","Keyword research",3600,8.2,-18.5,22.2
2026-07,seo,MX,4,"Similarweb","Traffic analytics",2900,6.6,-17.2,-33.3
2026-07,seo,MX,5,"Ubersuggest","Keyword research",2400,5.5,-20.8,-34.5
2026-07,seo,MX,6,"Ahrefs","All-in-one",1900,4.3,-15.8,-15.8
2026-07,seo,MX,7,"GTmetrix","Page speed",1300,3,-23.1,-37.5
2026-07,seo,MX,8,"Moz","All-in-one",720,1.6,0,-33
2026-07,seo,MX,9,"Screaming Frog","Crawler",590,1.3,0,-18.1
2026-07,seo,MX,10,"SE Ranking","Rank tracking",480,1.1,21.9,-18.7
2026-07,seo,MX,11,"Surfer SEO","Content SEO",320,0.7,-34.6,-56.4
2026-07,seo,MX,12,"SpyFu","Competitor research",260,0.6,0,-34.4
2026-07,seo,MX,13,"Rank Math","WordPress plugin",210,0.5,-33.3,-46.2
2026-07,seo,MX,14,"Mangools","Keyword research",170,0.4,21.4,-34.6
2026-07,seo,MX,15,"Yoast","WordPress plugin",140,0.3,-18.2,-35.7
2026-07,seo,MX,16,"BrightEdge","Enterprise",50,0.1,0,0
2026-07,seo,ID,1,"Google Search Console","Free · Google",74000,61,0,22.3
2026-07,seo,ID,2,"Semrush","All-in-one",12100,10,0,-18.2
2026-07,seo,ID,3,"Ahrefs","All-in-one",9900,8.2,0,-18.2
2026-07,seo,ID,4,"Ubersuggest","Keyword research",8100,6.7,-18.5,-33.3
2026-07,seo,ID,5,"Similarweb","Traffic analytics",6600,5.4,0,-33.3
2026-07,seo,ID,6,"GTmetrix","Page speed",4400,3.6,22.2,-18.5
2026-07,seo,ID,7,"AnswerThePublic","Keyword research",2400,2,-15.8,-44.8
2026-07,seo,ID,8,"Moz","All-in-one",1000,0.8,60,23.1
2026-07,seo,ID,9,"Screaming Frog","Crawler",720,0.6,22,-18.2
2026-07,seo,ID,10,"SE Ranking","Rank tracking",590,0.5,-18.6,-18.6
2026-07,seo,ID,11,"Surfer SEO","Content SEO",390,0.3,-33.3,-33.3
2026-07,seo,ID,12,"Rank Math","WordPress plugin",390,0.3,0,-33.3
2026-07,seo,ID,13,"Yoast","WordPress plugin",210,0.2,23.5,-19.2
2026-07,seo,ID,14,"Mangools","Keyword research",210,0.2,-19,-34.6
2026-07,seo,ID,15,"SpyFu","Competitor research",170,0.1,-33.3,-17.6
2026-07,seo,ID,16,"BrightEdge","Enterprise",50,0,50,0
2026-07,seo,JP,1,"Google Search Console","Free · Google",49500,49.4,22.3,49.5
2026-07,seo,JP,2,"Moz","All-in-one",18100,18,-18.2,-18.2
2026-07,seo,JP,3,"Ahrefs","All-in-one",9900,9.9,0,0
2026-07,seo,JP,4,"Similarweb","Traffic analytics",9900,9.9,0,-33.1
2026-07,seo,JP,5,"Semrush","All-in-one",5400,5.4,22.7,-18.2
2026-07,seo,JP,6,"Ubersuggest","Keyword research",4400,4.4,0,-56.1
2026-07,seo,JP,7,"Screaming Frog","Crawler",880,0.9,0,13.6
2026-07,seo,JP,8,"GTmetrix","Page speed",480,0.5,-18.7,-55.9
2026-07,seo,JP,9,"AnswerThePublic","Keyword research",390,0.4,0,-33.3
2026-07,seo,JP,10,"SE Ranking","Rank tracking",390,0.4,23.1,0
2026-07,seo,JP,11,"Surfer SEO","Content SEO",320,0.3,-19,-56.4
2026-07,seo,JP,12,"Rank Math","WordPress plugin",260,0.3,-18.7,0
2026-07,seo,JP,13,"Yoast","WordPress plugin",140,0.1,0,-35.3
2026-07,seo,JP,14,"SpyFu","Competitor research",110,0.1,57.1,-21.4
2026-07,seo,JP,15,"BrightEdge","Enterprise",70,0.1,0,-22.2
2026-07,seo,JP,16,"Mangools","Keyword research",50,0,0,40
2026-07,seo,KR,1,"Google Search Console","Free · Google",14800,61.9,0,49.6
2026-07,seo,KR,2,"Similarweb","Traffic analytics",2900,12.1,-19.4,-19.4
2026-07,seo,KR,3,"Semrush","All-in-one",2400,10,-20.8,-34.5
2026-07,seo,KR,4,"Ahrefs","All-in-one",1600,6.7,-18.7,-31.6
2026-07,seo,KR,5,"Ubersuggest","Keyword research",720,3,0,-41
2026-07,seo,KR,6,"Moz","All-in-one",390,1.6,0,-33.3
2026-07,seo,KR,7,"AnswerThePublic","Keyword research",210,0.9,-33.3,-33.3
2026-07,seo,KR,8,"Surfer SEO","Content SEO",210,0.9,-35.3,-57.7
2026-07,seo,KR,9,"Screaming Frog","Crawler",170,0.7,0,-19
2026-07,seo,KR,10,"GTmetrix","Page speed",170,0.7,-35.7,-71.9
2026-07,seo,KR,11,"Rank Math","WordPress plugin",110,0.5,22.2,0
2026-07,seo,KR,12,"SE Ranking","Rank tracking",70,0.3,0,0
2026-07,seo,KR,13,"Mangools","Keyword research",50,0.2,50,-40
2026-07,seo,KR,14,"SpyFu","Competitor research",40,0.2,-40,-57.1
2026-07,seo,KR,15,"Yoast","WordPress plugin",40,0.2,-33.3,-60
2026-07,seo,KR,16,"BrightEdge","Enterprise",30,0.1,-50,-75
2026-07,seo,IT,1,"Google Search Console","Free · Google",74000,63.2,0,49.6
2026-07,seo,IT,2,"Semrush","All-in-one",14800,12.6,-18.2,-33.1
2026-07,seo,IT,3,"AnswerThePublic","Keyword research",6600,5.6,-18.5,-33.3
2026-07,seo,IT,4,"Similarweb","Traffic analytics",5400,4.6,-18.5,-33.3
2026-07,seo,IT,5,"Ubersuggest","Keyword research",5400,4.6,-18.2,-45.5
2026-07,seo,IT,6,"Ahrefs","All-in-one",2900,2.5,-17.2,-33.3
2026-07,seo,IT,7,"GTmetrix","Page speed",2900,2.5,-20.8,-34.5
2026-07,seo,IT,8,"Screaming Frog","Crawler",1600,1.4,-18.7,-18.7
2026-07,seo,IT,9,"Moz","All-in-one",880,0.8,13.6,0
2026-07,seo,IT,10,"SE Ranking","Rank tracking",720,0.6,-18.1,0
2026-07,seo,IT,11,"Rank Math","WordPress plugin",590,0.5,-18.6,-18.6
2026-07,seo,IT,12,"Surfer SEO","Content SEO",480,0.4,-33.3,-45.8
2026-07,seo,IT,13,"Yoast","WordPress plugin",320,0.3,-18.7,-18.7
2026-07,seo,IT,14,"SpyFu","Competitor research",260,0.2,-19.2,-34.4
2026-07,seo,IT,15,"Mangools","Keyword research",110,0.1,-36.4,-36.4
2026-07,seo,IT,16,"BrightEdge","Enterprise",90,0.1,0,-22.2
2026-07,seo,ES,1,"Google Search Console","Free · Google",90500,57.2,0,48.6
2026-07,seo,ES,2,"Semrush","All-in-one",27100,17.1,-18.5,-33.2
2026-07,seo,ES,3,"Similarweb","Traffic analytics",8100,5.1,-18.5,-18.5
2026-07,seo,ES,4,"Ahrefs","All-in-one",6600,4.2,-18.2,-18.2
2026-07,seo,ES,5,"Ubersuggest","Keyword research",6600,4.2,0,-18.2
2026-07,seo,ES,6,"AnswerThePublic","Keyword research",5400,3.4,-18.5,83.3
2026-07,seo,ES,7,"SE Ranking","Rank tracking",4400,2.8,-18.2,-18.2
2026-07,seo,ES,8,"Screaming Frog","Crawler",2900,1.8,-17.2,-17.2
2026-07,seo,ES,9,"GTmetrix","Page speed",2900,1.8,-20.8,-34.5
2026-07,seo,ES,10,"Moz","All-in-one",1000,0.6,0,-12
2026-07,seo,ES,11,"Surfer SEO","Content SEO",880,0.6,-18.1,-33
2026-07,seo,ES,12,"Rank Math","WordPress plugin",720,0.5,-18.1,-18.1
2026-07,seo,ES,13,"SpyFu","Competitor research",390,0.2,-33.3,-33.3
2026-07,seo,ES,14,"Mangools","Keyword research",390,0.2,-33.3,-33.3
2026-07,seo,ES,15,"Yoast","WordPress plugin",320,0.2,0,-18.7
2026-07,seo,ES,16,"BrightEdge","Enterprise",110,0.1,40,-36.4
2026-07,seo,NL,1,"Google Search Console","Free · Google",49500,57.6,0,49.4
2026-07,seo,NL,2,"Semrush","All-in-one",8100,9.4,0,-33.3
2026-07,seo,NL,3,"Ahrefs","All-in-one",5400,6.3,0,-18.2
2026-07,seo,NL,4,"Similarweb","Traffic analytics",5400,6.3,0,-18.5
2026-07,seo,NL,5,"Ubersuggest","Keyword research",4400,5.1,24.1,-33.3
2026-07,seo,NL,6,"SE Ranking","Rank tracking",2900,3.4,0,-17.2
2026-07,seo,NL,7,"AnswerThePublic","Keyword research",2400,2.8,0,-20.8
2026-07,seo,NL,8,"Screaming Frog","Crawler",1900,2.2,0,-15.8
2026-07,seo,NL,9,"GTmetrix","Page speed",1900,2.2,23.1,-44.8
2026-07,seo,NL,10,"Moz","All-in-one",880,1,22.2,0
2026-07,seo,NL,11,"Surfer SEO","Content SEO",720,0.8,-18.6,-45.5
2026-07,seo,NL,12,"Yoast","WordPress plugin",720,0.8,22.9,-18.1
2026-07,seo,NL,13,"Rank Math","WordPress plugin",590,0.7,0,-33.3
2026-07,seo,NL,14,"Mangools","Keyword research",590,0.7,0,-18.6
2026-07,seo,NL,15,"SpyFu","Competitor research",320,0.4,50,-19.2
2026-07,seo,NL,16,"BrightEdge","Enterprise",170,0.2,27.3,-17.6
2026-07,seo,TR,1,"Google Search Console","Free · Google",49500,59.7,22.3,82.7
2026-07,seo,TR,2,"Semrush","All-in-one",12100,14.6,0,0
2026-07,seo,TR,3,"Similarweb","Traffic analytics",6600,8,0,-18.2
2026-07,seo,TR,4,"Ahrefs","All-in-one",5400,6.5,0,-18.5
2026-07,seo,TR,5,"GTmetrix","Page speed",2400,2.9,-15.8,-44.8
2026-07,seo,TR,6,"Ubersuggest","Keyword research",1900,2.3,-31.6,-45.8
2026-07,seo,TR,7,"Moz","All-in-one",1600,1.9,18.8,0
2026-07,seo,TR,8,"Screaming Frog","Crawler",1000,1.2,0,-12
2026-07,seo,TR,9,"AnswerThePublic","Keyword research",720,0.9,0,-33
2026-07,seo,TR,10,"Surfer SEO","Content SEO",390,0.5,-17.9,-33.3
2026-07,seo,TR,11,"Rank Math","WordPress plugin",390,0.5,0,-18.7
2026-07,seo,TR,12,"SE Ranking","Rank tracking",320,0.4,0,0
2026-07,seo,TR,13,"SpyFu","Competitor research",260,0.3,0,-34.4
2026-07,seo,TR,14,"Yoast","WordPress plugin",170,0.2,-21.4,-35.3
2026-07,seo,TR,15,"Mangools","Keyword research",140,0.2,22.2,0
2026-07,seo,TR,16,"BrightEdge","Enterprise",40,0,0,-60
2026-07,seo,VN,1,"Google Search Console","Free · Google",60500,61.8,0,0
2026-07,seo,VN,2,"Semrush","All-in-one",14800,15.1,22.3,0
2026-07,seo,VN,3,"Similarweb","Traffic analytics",9900,10.1,0,-33.1
2026-07,seo,VN,4,"Ahrefs","All-in-one",5400,5.5,0,-18.2
2026-07,seo,VN,5,"Screaming Frog","Crawler",1600,1.6,-20.8,18.8
2026-07,seo,VN,6,"Ubersuggest","Keyword research",1300,1.3,0,-37.5
2026-07,seo,VN,7,"AnswerThePublic","Keyword research",1000,1,0,-32.3
2026-07,seo,VN,8,"GTmetrix","Page speed",880,0.9,-18.2,-28
2026-07,seo,VN,9,"Moz","All-in-one",590,0.6,23.1,-18.6
2026-07,seo,VN,10,"SE Ranking","Rank tracking",480,0.5,0,50
2026-07,seo,VN,11,"Surfer SEO","Content SEO",480,0.5,0,-33.9
2026-07,seo,VN,12,"Rank Math","WordPress plugin",390,0.4,-17.9,-33.3
2026-07,seo,VN,13,"SpyFu","Competitor research",210,0.2,0,0
2026-07,seo,VN,14,"Mangools","Keyword research",210,0.2,0,0
2026-07,seo,VN,15,"Yoast","WordPress plugin",70,0.1,0,-22.2
2026-07,seo,VN,16,"BrightEdge","Enterprise",30,0,0,-33.3
2026-07,seo,PL,1,"Google Search Console","Free · Google",74000,68.6,0,22.3
2026-07,seo,PL,2,"Ahrefs","All-in-one",6600,6.1,0,-18.5
2026-07,seo,PL,3,"Similarweb","Traffic analytics",6600,6.1,0,-18.2
2026-07,seo,PL,4,"Semrush","All-in-one",5400,5,0,-33.3
2026-07,seo,PL,5,"AnswerThePublic","Keyword research",3600,3.3,-34.5,-56.8
2026-07,seo,PL,6,"Ubersuggest","Keyword research",2400,2.2,-15.8,-55.6
2026-07,seo,PL,7,"Surfer SEO","Content SEO",2400,2.2,-15.8,-55.6
2026-07,seo,PL,8,"Screaming Frog","Crawler",1600,1.5,-18.7,-18.7
2026-07,seo,PL,9,"Moz","All-in-one",1600,1.5,0,46.2
2026-07,seo,PL,10,"GTmetrix","Page speed",1600,1.5,-23.1,-47.4
2026-07,seo,PL,11,"SE Ranking","Rank tracking",1000,0.9,0,0
2026-07,seo,PL,12,"Rank Math","WordPress plugin",390,0.4,-17.9,0
2026-07,seo,PL,13,"SpyFu","Competitor research",260,0.2,-19,-46.9
2026-07,seo,PL,14,"Yoast","WordPress plugin",210,0.2,-34.6,-19
2026-07,seo,PL,15,"Mangools","Keyword research",140,0.1,27.3,0
2026-07,seo,PL,16,"BrightEdge","Enterprise",70,0.1,-40,-78.6
2026-07,seo,SG,1,"Google Search Console","Free · Google",18100,51.8,22.1,49.7
2026-07,seo,SG,2,"Semrush","All-in-one",5400,15.4,0,0
2026-07,seo,SG,3,"Similarweb","Traffic analytics",4400,12.6,-18.2,-18.2
2026-07,seo,SG,4,"Ahrefs","All-in-one",2900,8.3,0,-19.4
2026-07,seo,SG,5,"Ubersuggest","Keyword research",1000,2.9,13.6,-23.1
2026-07,seo,SG,6,"AnswerThePublic","Keyword research",880,2.5,22.2,-12
2026-07,seo,SG,7,"GTmetrix","Page speed",480,1.4,-17.9,-45.8
2026-07,seo,SG,8,"Screaming Frog","Crawler",390,1.1,-18.7,-18.7
2026-07,seo,SG,9,"Moz","All-in-one",320,0.9,-18.7,-45.8
2026-07,seo,SG,10,"Surfer SEO","Content SEO",320,0.9,-19.2,-34.4
2026-07,seo,SG,11,"SE Ranking","Rank tracking",260,0.7,23.1,0
2026-07,seo,SG,12,"SpyFu","Competitor research",170,0.5,0,-47.6
2026-07,seo,SG,13,"Rank Math","WordPress plugin",140,0.4,-21.4,-35.3
2026-07,seo,SG,14,"Mangools","Keyword research",90,0.3,0,-22.2
2026-07,seo,SG,15,"Yoast","WordPress plugin",70,0.2,40,0
2026-07,seo,SG,16,"BrightEdge","Enterprise",50,0.1,25,0
2026-07,seo,SA,1,"Google Search Console","Free · Google",12100,57.6,0,22.3
2026-07,seo,SA,2,"Semrush","All-in-one",2900,13.8,0,0
2026-07,seo,SA,3,"Similarweb","Traffic analytics",1900,9,0,-31.6
2026-07,seo,SA,4,"Ahrefs","All-in-one",1300,6.2,0,-32.3
2026-07,seo,SA,5,"Ubersuggest","Keyword research",720,3.4,-18.6,-45.5
2026-07,seo,SA,6,"AnswerThePublic","Keyword research",590,2.8,0,0
2026-07,seo,SA,7,"GTmetrix","Page speed",480,2.3,23.1,-18.6
2026-07,seo,SA,8,"Moz","All-in-one",320,1.5,-18.7,-33.3
2026-07,seo,SA,9,"Screaming Frog","Crawler",170,0.8,-17.6,-17.6
2026-07,seo,SA,10,"Surfer SEO","Content SEO",170,0.8,-35.7,-57.1
2026-07,seo,SA,11,"SpyFu","Competitor research",90,0.4,40,-36.4
2026-07,seo,SA,12,"Rank Math","WordPress plugin",90,0.4,28.6,0
2026-07,seo,SA,13,"SE Ranking","Rank tracking",70,0.3,0,0
2026-07,seo,SA,14,"Mangools","Keyword research",50,0.2,0,-20
2026-07,seo,SA,15,"Yoast","WordPress plugin",40,0.2,33.3,-20
2026-07,seo,SA,16,"BrightEdge","Enterprise",20,0.1,0,0
